{
  "feature_columns": [
    "cadence_spm",
    "vertical_oscillation_cm",
    "gct_flight_balance_ms",
    "impact_loading_rate_bw_s",
    "trunk_forward_lean_deg",
    "left_right_asymmetry_pct",
    "heel_strike_likelihood"
  ],
  "mean": [
    163.91305541992188,
    3.9393699169158936,
    17.254732131958008,
    3.4437193870544434,
    2.592996120452881,
    24.408601760864258,
    0.15393060445785522
  ],
  "std": [
    21.535551071166992,
    1.7544645071029663,
    71.75969696044922,
    1.8419229984283447,
    2.602107524871826,
    13.406930923461914,
    0.008105908520519733
  ],
  "eps": 1e-06
}